word,count,per_1000_tokens,speech_count
saya,403,35.2334,10
kita,387,33.8346,10
yang,367,32.086,10
dan,247,21.5947,10
ini,207,18.0976,10
di,154,13.4639,10
saudara-saudara,130,11.3656,9
itu,124,10.8411,7
indonesia,123,10.7536,10
tidak,96,8.3931,10
untuk,88,7.6937,10
adalah,81,7.0817,9
ya,79,6.9068,6
ada,78,6.8194,8
dari,78,6.8194,10
akan,78,6.8194,7
saudara,77,6.7319,8
dengan,73,6.3822,9
sudah,72,6.2948,7
rakyat,68,5.9451,8
kalau,67,5.8577,7
tahun,64,5.5954,9
negara,64,5.5954,8
para,63,5.508,9
sekalian,62,5.4205,9
bangsa,62,5.4205,10
ee,58,5.0708,7
juga,56,4.896,8
semua,56,4.896,9
bisa,54,4.7211,7
harus,51,4.4588,8
menteri,50,4.3714,7
tapi,50,4.3714,7
kasih,50,4.3714,10
enggak,49,4.284,5
jadi,48,4.1965,7
dalam,44,3.8468,9
terima,42,3.672,10
bahwa,42,3.672,9
baik,41,3.5845,8
banyak,40,3.4971,7
karena,39,3.4097,8
kepada,38,3.3223,7
besar,36,3.1474,9
hari,36,3.1474,7
lagi,35,3.06,6
sebagai,34,2.9725,7
oleh,34,2.9725,8
satu,34,2.9725,7
mereka,34,2.9725,7
ketua,33,2.8851,6
seluruh,33,2.8851,10
hadir,32,2.7977,8
sekarang,32,2.7977,7
punya,31,2.7103,6
kan,31,2.7103,4
ke,30,2.6228,7
bagi,29,2.5354,9
presiden,29,2.5354,9
lebih,29,2.5354,6
mau,29,2.5354,5
luar,28,2.448,7
apa,28,2.448,5
sama,28,2.448,5
tadi,27,2.3606,5
ingin,27,2.3606,7
dunia,26,2.2731,7
partai,25,2.1857,3
umum,25,2.1857,4
hidup,24,2.0983,6
nanti,24,2.0983,5
selalu,23,2.0108,7
sangat,23,2.0108,7
mungkin,22,1.9234,7
buruh,22,1.9234,1
dapat,21,1.836,7
hormati,21,1.836,7
rumah,21,1.836,3
turki,21,1.836,1
salam,20,1.7486,9
merdeka,20,1.7486,7
benar,20,1.7486,4
atas,19,1.6611,6
masih,19,1.6611,6
republik,19,1.6611,7
lihat,19,1.6611,5
sampai,19,1.6611,6
hanya,18,1.5737,8
wakil,18,1.5737,5
boleh,18,1.5737,5
atau,18,1.5737,9
tiap,18,1.5737,6
kerja,18,1.5737,7
wabarakatuh,17,1.4863,10
pkb,17,1.4863,1
baru,17,1.4863,5
ekonomi,17,1.4863,6
lain,17,1.4863,6
kali,17,1.4863,5
kami,17,1.4863,3
warahmatullahi,16,1.3988,10
selamat,16,1.3988,8
sejahtera,16,1.3988,8
perjuangan,16,1.3988,3
pimpinan,16,1.3988,6
mana,16,1.3988,6
menyampaikan,16,1.3988,7
terhadap,16,1.3988,5
bukan,16,1.3988,8
om,15,1.3114,8
dia,15,1.3114,3
tanpa,15,1.3114,7
anak,15,1.3114,7
telah,15,1.3114,5
pada,14,1.224,9
merasa,14,1.224,3
undang-undang,14,1.224,3
memberi,14,1.224,4
kekayaan,14,1.224,3
pertama,14,1.224,6
belum,14,1.224,6
manusia,14,1.224,5
kira,14,1.224,5
pemerintah,14,1.224,6
membela,14,1.224,3
teknologi,14,1.224,3
juta,14,1.224,4
sejarah,14,1.224,5
pekerja,14,1.224,1
segala,13,1.1366,6
prof,13,1.1366,5
nasional,13,1.1366,6
sini,13,1.1366,6
terus,13,1.1366,4
biasa,13,1.1366,5
negeri,13,1.1366,7
berapa,13,1.1366,4
memang,13,1.1366,4
bulan,13,1.1366,5
minta,13,1.1366,6
orang,13,1.1366,4
cukup,13,1.1366,5
bekerja,13,1.1366,4
diberi,13,1.1366,4
berbeda,13,1.1366,3
perusahaan,13,1.1366,3
direktur,13,1.1366,3
aja,12,1.0491,3
pun,12,1.0491,6
kuat,12,1.0491,5
tahu,12,1.0491,6
paling,12,1.0491,6
wartawan,12,1.0491,4
semakin,12,1.0491,6
tinggi,12,1.0491,4
menuju,12,1.0491,4
antara,12,1.0491,2
dpr,12,1.0491,2
santi,12,1.0491,4
shalom,11,0.9617,8
bersyukur,11,0.9617,4
ibu-ibu,11,0.9617,4
pakai,11,0.9617,1
pasal,11,0.9617,2
kok,11,0.9617,3
energi,11,0.9617,5
pak,11,0.9617,4
bicara,11,0.9617,5
perang,11,0.9617,3
bikin,11,0.9617,4
bersama,11,0.9617,4
suatu,11,0.9617,4
seorang,11,0.9617,3
imlek,11,0.9617,1
salve,10,0.8743,8
penuh,10,0.8743,5
kesehatan,10,0.8743,6
dewan,10,0.8743,3
anggota,10,0.8743,5
sekali,10,0.8743,7
masuk,10,0.8743,4
jangan,10,0.8743,4
kenapa,10,0.8743,3
depan,10,0.8743,6
waktu,10,0.8743,6
hati,10,0.8743,4
kalian,10,0.8743,3
profesor,10,0.8743,5
mengerti,10,0.8743,4
dolar,10,0.8743,2
kekuatan,10,0.8743,3
menjadi,10,0.8743,8
rektor,10,0.8743,3
ai,10,0.8743,1
kepala,10,0.8743,4
itb,10,0.8743,2
asalamualaikum,9,0.7869,9
masyarakat,9,0.7869,3
bapak,9,0.7869,3
sebut,9,0.7869,3
prabowo,9,0.7869,5
saja,9,0.7869,5
yakin,9,0.7869,4
ilmu,9,0.7869,3
betul,9,0.7869,2
kecil,9,0.7869,5
kalah,9,0.7869,4
tni,9,0.7869,6
sains,9,0.7869,3
keras,9,0.7869,5
sendiri,9,0.7869,4
mulai,9,0.7869,5
kepentingan,9,0.7869,3
utama,9,0.7869,2
nelayan,9,0.7869,1
namo,8,0.6994,7
buddhaya,8,0.6994,7
kebajikan,8,0.6994,7
maha,8,0.6994,5
diberikan,8,0.6994,5
ri,8,0.6994,4
persatuan,8,0.6994,4
ulama,8,0.6994,1
situ,8,0.6994,4
keyakinan,8,0.6994,2
bagaimana,8,0.6994,4
habis,8,0.6994,3
kopi,8,0.6994,4
masa,8,0.6994,4
iya,8,0.6994,4
hah,8,0.6994,3
lu,8,0.6994,3
lembaga,8,0.6994,8
selama,8,0.6994,4
masalah,8,0.6994,4
datang,8,0.6994,4
politik,8,0.6994,3
laporan,8,0.6994,3
keadaan,8,0.6994,5
brian,8,0.6994,3
usul,8,0.6994,1
kesulitan,8,0.6994,2
bumn,8,0.6994,4
badan,8,0.6994,4
sebuah,8,0.6994,3
kaum,8,0.6994,1
perlindungan,8,0.6994,1
manajemen,8,0.6994,1
santri,8,0.6994,1
swastiastu,7,0.612,7
koordinator,7,0.612,3
kabinet,7,0.612,4
saudari,7,0.612,3
pangan,7,0.612,4
kiai,7,0.612,2
ibu,7,0.612,2
berada,7,0.612,3
media,7,0.612,4
kehormatan,7,0.612,5
begitu,7,0.612,5
nama,7,0.612,4
dasar,7,0.612,2
keluar,7,0.612,3
ingat,7,0.612,3
perlu,7,0.612,5
air,7,0.612,4
kewajiban,7,0.612,2
kembali,7,0.612,4
artinya,7,0.612,3
bocor,7,0.612,3
sedang,7,0.612,3
terjadi,7,0.612,5
setiap,7,0.612,2
orang-orang,7,0.612,4
siapa,7,0.612,3
apa-apa,7,0.612,5
mari,7,0.612,4
wasalamualaikum,7,0.612,7
secara,7,0.612,4
saat,7,0.612,3
bagus,7,0.612,4
pendidikan,7,0.612,3
penting,7,0.612,6
uang,7,0.612,3
berani,7,0.612,3
peradaban,7,0.612,4
guru,7,0.612,3
perguruan,7,0.612,3
tentang,7,0.612,3
kesejahteraan,7,0.612,4
hukum,7,0.612,2
setuju,7,0.612,2
menjaga,7,0.612,3
tuhan,6,0.5246,4
acara,6,0.5246,2
kebangkitan,6,0.5246,2
sekaligus,6,0.5246,3
merah,6,0.5246,4
putih,6,0.5246,4
majelis,6,0.5246,4
ahmad,6,0.5246,2
hormat,6,0.5246,3
sampaikan,6,0.5246,3
tegas,6,0.5246,3
terutama,6,0.5246,4
kehidupan,6,0.5246,5
nih,6,0.5246,4
pidato,6,0.5246,3
langsung,6,0.5246,3
membangun,6,0.5246,4
aman,6,0.5246,4
pemimpin,6,0.5246,3
dulu,6,0.5246,4
gue,6,0.5246,2
percaya,6,0.5246,4
triliun,6,0.5246,3
beberapa,6,0.5246,3
tanya,6,0.5246,3
collaps,6,0.5246,1
jenderal,6,0.5246,4
the,6,0.5246,2
pertahanan,6,0.5246,2
berjuang,6,0.5246,2
mandat,6,0.5246,3
butuh,6,0.5246,3
tempat,6,0.5246,3
swasta,6,0.5246,4
disampaikan,6,0.5246,3
segera,6,0.5246,3
danantara,6,0.5246,2
damai,6,0.5246,3
hidupnya,6,0.5246,2
yaitu,6,0.5246,4
kepemimpinan,6,0.5246,2
mobil,6,0.5246,1
minimal,6,0.5246,3
sekretaris,6,0.5246,2
konfederasi,6,0.5246,1
serikat,6,0.5246,1
krisis,6,0.5246,2
masing-masing,6,0.5246,2
perayaan,6,0.5246,1
terhormat,6,0.5246,1
pt,6,0.5246,1
aspirasi,6,0.5246,1
bismillahirrahmanirrahim,5,0.4371,5
waalaikumsalam,5,0.4371,4
malam,5,0.4371,2
marilah,5,0.4371,4
allah,5,0.4371,5
subhanahu,5,0.4371,5
wa,5,0.4371,5
taala,5,0.4371,5
kuasa,5,0.4371,4
memiliki,5,0.4371,5
muhammad,5,0.4371,3
katanya,5,0.4371,3
mbg,5,0.4371,2
pembangunan,5,0.4371,3
serta,5,0.4371,3
undangan,5,0.4371,5
arah,5,0.4371,3
tenang,5,0.4371,3
bapak-bapak,5,0.4371,3
gak,5,0.4371,4
waduh,5,0.4371,2
gimana,5,0.4371,3
hadiah,5,0.4371,2
maju,5,0.4371,2
subianto,5,0.4371,4
perintah,5,0.4371,2
umat,5,0.4371,4
belajar,5,0.4371,5
sekian,5,0.4371,3
bahkan,5,0.4371,4
baca,5,0.4371,3
kadang-kadang,5,0.4371,2
khawatir,5,0.4371,3
coba,5,0.4371,3
tenaga,5,0.4371,3
nilai,5,0.4371,4
pimpin,5,0.4371,3
desa,5,0.4371,3
sekolah,5,0.4371,2
demokrasi,5,0.4371,3
susah,5,0.4371,3
oh,5,0.4371,3
jawa,5,0.4371,3
timur,5,0.4371,2
sebetulnya,5,0.4371,3
kritik,5,0.4371,2
semangat,5,0.4371,4
katakan,5,0.4371,4
kemarin,5,0.4371,3
inilah,5,0.4371,2
empat,5,0.4371,3
jakarta,5,0.4371,3
bandung,5,0.4371,2
setelah,5,0.4371,5
namanya,5,0.4371,3
universitas,5,0.4371,2
inovasi,5,0.4371,3
kampus,5,0.4371,2
bernegara,5,0.4371,2
mencari,5,0.4371,2
organisasi,5,0.4371,3
hampir,5,0.4371,5
contoh,5,0.4371,2
riset,5,0.4371,2
lama,5,0.4371,3
pemerintahan,5,0.4371,2
tugas,5,0.4371,3
lima,5,0.4371,3
buatan,5,0.4371,1
berdiri,5,0.4371,4
terbesar,5,0.4371,3
tekad,5,0.4371,4
tangga,5,0.4371,1
anak-anak,5,0.4371,3
supaya,5,0.4371,4
nomor,5,0.4371,2
melindungi,5,0.4371,3
perintahkan,5,0.4371,2
fasilitas,5,0.4371,2
mana-mana,5,0.4371,2
ojol,5,0.4371,1
tangan,5,0.4371,4
return,5,0.4371,1
on,5,0.4371,2
mendirikan,5,0.4371,1
tetapi,5,0.4371,5
mengirim,5,0.4371,2
terbuka,5,0.4371,2
banggakan,5,0.4371,1
kepadanyaalah,4,0.3497,2
karunia,4,0.3497,3
berkah,4,0.3497,4
tengah,4,0.3497,3
berkumpul,4,0.3497,3
perwakilan,4,0.3497,3
amanat,4,0.3497,1
keadilan,4,0.3497,3
dpp,4,0.3497,1
rasa,4,0.3497,3
pesantren,4,0.3497,2
k,4,0.3497,2
h,4,0.3497,2
nyai,4,0.3497,2
palestina,4,0.3497,3
pers,4,0.3497,4
tentunya,4,0.3497,3
terharu,4,0.3497,2
ulang,4,0.3497,2
gagasan,4,0.3497,2
pendiri-pendiri,4,0.3497,2
layak,4,0.3497,2
akal,4,0.3497,3
buka,4,0.3497,4
akhir,4,0.3497,3
minum,4,0.3497,4
siap,4,0.3497,2
seperti,4,0.3497,3
aku,4,0.3497,3
kaget,4,0.3497,3
pasti,4,0.3497,2
menghadapi,4,0.3497,3
kuasai,4,0.3497,2
efisien,4,0.3497,2
bahasa,4,0.3497,3
kaya,4,0.3497,3
miliar,4,0.3497,2
kurang,4,0.3497,3
tutup,4,0.3497,3
pihak,4,0.3497,4
bangun,4,0.3497,3
perbaiki,4,0.3497,4
ikut,4,0.3497,4
eh,4,0.3497,3
mei,4,0.3497,2
cinta,4,0.3497,3
hebat,4,0.3497,3
pelajari,4,0.3497,2
dilantik,4,0.3497,3
kemerdekaan,4,0.3497,3
mempertahankan,4,0.3497,2
ujungnya,4,0.3497,2
perwira,4,0.3497,1
muda,4,0.3497,3
mengikuti,4,0.3497,3
suasana,4,0.3497,2
berusaha,4,0.3497,3
nuklir,4,0.3497,1
nah,4,0.3497,3
pintar,4,0.3497,2
dengar,4,0.3497,3
perhatikan,4,0.3497,2
diadu,4,0.3497,2
adu,4,0.3497,1
kebebasan,4,0.3497,2
bbm,4,0.3497,3
daftar,4,0.3497,2
proses,4,0.3497,2
agung,4,0.3497,2
berpendapat,4,0.3497,2
terpintar,4,0.3497,1
demikian,4,0.3497,3
terbaik,4,0.3497,3
kelompok-kelompok,4,0.3497,2
ribuan,4,0.3497,2
salah,4,0.3497,3
semuanya,4,0.3497,3
tentara,4,0.3497,3
tanah,4,0.3497,4
dekat,4,0.3497,3
gaduh,4,0.3497,1
hak,4,0.3497,3
sigit,4,0.3497,3
naik,4,0.3497,3
beri,4,0.3497,3
sembada,4,0.3497,2
ketenagakerjaan,4,0.3497,2
rela,4,0.3497,1
anda,4,0.3497,2
kebijakan,4,0.3497,2
saran,4,0.3497,1
industri,4,0.3497,3
rahayu,4,0.3497,2
pengawas,4,0.3497,1
tokoh-tokoh,4,0.3497,2
nusantara,4,0.3497,2
fund,4,0.3497,1
cucu,4,0.3497,1
kris,4,0.3497,1
khusus,4,0.3497,3
pribadi,4,0.3497,3
takut,4,0.3497,2
keberanian,4,0.3497,2
you,4,0.3497,1
kunjungan,4,0.3497,2
murni,4,0.3497,1
dilakukan,4,0.3497,1
termasuk,4,0.3497,1
merusak,4,0.3497,1
insan,3,0.2623,2
puji,3,0.2623,3
kehadirat,3,0.2623,3
alam,3,0.2623,3
kebaikan,3,0.2623,3
raka,3,0.2623,3
gerindra,3,0.2623,1
akbar,3,0.2623,3
demokrat,3,0.2623,1
agus,3,0.2623,2
persatu,3,0.2623,2
mengurangi,3,0.2623,2
pondok,3,0.2623,2
agama,3,0.2623,3
hadirin,3,0.2623,3
rekan-rekan,3,0.2623,3
sungguh,3,0.2623,2
dukungan,3,0.2623,2
agar,3,0.2623,2
diambil,3,0.2623,2
dibawa,3,0.2623,1
usaha,3,0.2623,3
untung,3,0.2623,2
kekayaannya,3,0.2623,3
golkar,3,0.2623,1
ah,3,0.2623,3
aduh,3,0.2623,1
lalu,3,0.2623,2
galak,3,0.2623,1
udah,3,0.2623,2
dibacakan,3,0.2623,1
ijtimah,3,0.2623,1
mendukung,3,0.2623,2
kedaulatan,3,0.2623,2
daya,3,0.2623,2
sesuai,3,0.2623,3
kelola,3,0.2623,3
memperbaiki,3,0.2623,2
gus,3,0.2623,1
laksanakan,3,0.2623,2
penghargaan,3,0.2623,2
izin,3,0.2623,2
dihormati,3,0.2623,2
disiapkan,3,0.2623,3
akal-akalan,3,0.2623,2
dua,3,0.2623,2
nunggu,3,0.2623,1
benar-benar,3,0.2623,2
rekomendasi,3,0.2623,1
koalisi,3,0.2623,2
menikmati,3,0.2623,3
tersebut,3,0.2623,3
mengatakan,3,0.2623,2
ikor,3,0.2623,1
keluarkan,3,0.2623,1
walaupun,3,0.2623,2
daerah,3,0.2623,3
makan,3,0.2623,3
jembatan,3,0.2623,1
disebut,3,0.2623,3
tadinya,3,0.2623,1
jalan,3,0.2623,2
kaki,3,0.2623,2
nyebrang,3,0.2623,1
mempertaruhkan,3,0.2623,2
bayar,3,0.2623,2
pekerjaan,3,0.2623,2
lewat,3,0.2623,2
ngomong,3,0.2623,1
gelasmu,3,0.2623,1
kesebelasan,3,0.2623,2
bertanding,3,0.2623,1
hatinya,3,0.2623,2
bung,3,0.2623,1
mengakui,3,0.2623,3
pengakuan,3,0.2623,1
drum,3,0.2623,1
depannya,3,0.2623,2
pagi,3,0.2623,3
bukti,3,0.2623,3
positif,3,0.2623,1
pandangan,3,0.2623,1
kendali,3,0.2623,3
menurut,3,0.2623,3
ketemu,3,0.2623,2
tinggal,3,0.2623,2
i,3,0.2623,2
kampus-kampus,3,0.2623,2
satu-satu,3,0.2623,3
tindak,3,0.2623,1
dihadapi,3,0.2623,2
berbuat,3,0.2623,3
selesaikan,3,0.2623,2
bersih,3,0.2623,2
agent,3,0.2623,1
juara,3,0.2623,2
mesin,3,0.2623,2
dosen,3,0.2623,3
maupun,3,0.2623,2
sebagian,3,0.2623,3
kemudian,3,0.2623,2
bidang,3,0.2623,2
sementara,3,0.2623,3
mengundang,3,0.2623,3
sarasehan,3,0.2623,2
sore,3,0.2623,3
penyelenggara,3,0.2623,2
panglima,3,0.2623,3
maaf,3,0.2623,1
hadapan,3,0.2623,2
bangkit,3,0.2623,2
islam,3,0.2623,3
kebangsaan,3,0.2623,2
tema,3,0.2623,3
konvensi,3,0.2623,2
pernah,3,0.2623,2
keempat,3,0.2623,1
kemajuan,3,0.2623,2
perkembangan,3,0.2623,2
akhirnya,3,0.2623,3
mencapai,3,0.2623,2
tujuan,3,0.2623,2
kepercayaan,3,0.2623,3
membawa,3,0.2623,2
pelajaran,3,0.2623,2
it,3,0.2623,1
is,3,0.2623,1
rakyatnya,3,0.2623,3
belakang,3,0.2623,2
pengalaman,3,0.2623,2
insinyur,3,0.2623,1
ahli,3,0.2623,1
premis,3,0.2623,2
perbedaan,3,0.2623,2
kebersamaan,3,0.2623,2
bangsa-bangsa,3,0.2623,2
kedua,3,0.2623,2
gaza,3,0.2623,2
pemilihan,3,0.2623,1
ribut,3,0.2623,1
bukankah,3,0.2623,1
lemah,3,0.2623,2
silakan,3,0.2623,2
ipb,3,0.2623,2
hektar,3,0.2623,2
pabrik,3,0.2623,3
ambil,3,0.2623,2
sua,3,0.2623,2
kabinat,3,0.2623,3
komunikasi,3,0.2623,2
buru,3,0.2623,1
bpjs,3,0.2623,1
menyerah,3,0.2623,2
pahlawan,3,0.2623,2
upah,3,0.2623,1
menghormati,3,0.2623,2
justru,3,0.2623,2
perjuangkan,3,0.2623,1
sisa,3,0.2623,1
mengambil,3,0.2623,2
memerlukan,3,0.2623,2
sasaran,3,0.2623,2
rumah-rumah,3,0.2623,2
kota,3,0.2623,3
api,3,0.2623,2
gratis,3,0.2623,1
perikanan,3,0.2623,2
peraturan,3,0.2623,2
kampung,3,0.2623,1
jaminan,3,0.2623,1
pengemudi,3,0.2623,1
tambah,3,0.2623,1
kesempatan,3,0.2623,2
mengelola,3,0.2623,1
pengarahan,3,0.2623,1
sovereign,3,0.2623,1
will,3,0.2623,1
jiwa,3,0.2623,2
asset,3,0.2623,1
ternyata,3,0.2623,1
pertamina,3,0.2623,2
jauh,3,0.2623,1
ucapkan,3,0.2623,2
prestasi,3,0.2623,1
ketidakpastian,3,0.2623,2
peluang,3,0.2623,1
mampu,3,0.2623,1
investasi,3,0.2623,2
jaga,3,0.2623,2
diri,3,0.2623,3
utusan-utusan,3,0.2623,2
sebangsa,3,0.2623,3
setanah,3,0.2623,3
harmoni,3,0.2623,1
budaya,3,0.2623,2
dibangun,3,0.2623,2
bermartabat,3,0.2623,2
thank,3,0.2623,1
very,3,0.2623,1
much,3,0.2623,1
turkiye,3,0.2623,1
otoman,3,0.2623,1
barat,3,0.2623,2
menerima,3,0.2623,2
pelanggaran,3,0.2623,2
ikon,3,0.2623,1
kemal,3,0.2623,1
turut,3,0.2623,2
ui,3,0.2623,1
namun,3,0.2623,2
melakukan,3,0.2623,1
domba,3,0.2623,1
keluarga,3,0.2623,2
hijriah,3,0.2623,1
bertakwa,2,0.1749,2
memanjatkan,2,0.1749,2
syukur,2,0.1749,2
berdoa,2,0.1749,2
memohon,2,0.1749,2
pertolongan,2,0.1749,2
kedamaian,2,0.1749,2
pertikaian,2,0.1749,2
nafas,2,0.1749,2
sehingga,2,0.1749,2
gibran,2,0.1749,2
rakabuming,2,0.1749,2
muhaimin,2,0.1749,1
iskandar,2,0.1749,1
permusatan,2,0.1749,2
muzani,2,0.1749,2
harian,2,0.1749,1
bambang,2,0.1749,2
edi,2,0.1749,1
supratman,2,0.1749,2
golongan,2,0.1749,2
karya,2,0.1749,1
bahlil,2,0.1749,1
loh,2,0.1749,1
hasan,2,0.1749,1
parti,2,0.1749,1
hidayat,2,0.1749,2
adil,2,0.1749,2
makmur,2,0.1749,2
pbnu,2,0.1749,1
mantan,2,0.1749,2
said,2,0.1749,2
duta,2,0.1749,2
mulia,2,0.1749,2
pusat,2,0.1749,2
ucapan,2,0.1749,2
kaos,2,0.1749,1
pantas,2,0.1749,1
agustus,2,0.1749,1
menegakkan,2,0.1749,2
sejak,2,0.1749,2
ratusan,2,0.1749,2
puluhan,2,0.1749,2
warung,2,0.1749,1
jualan,2,0.1749,1
uangnya,2,0.1749,1
ngerti,2,0.1749,1
ilmunya,2,0.1749,1
musim,2,0.1749,1
oktober,2,0.1749,2
tanggal,2,0.1749,1
september,2,0.1749,2
duduk,2,0.1749,1
sempat,2,0.1749,2
amin,2,0.1749,1
banget,2,0.1749,1
padahal,2,0.1749,1
muka,2,0.1749,2
podium,2,0.1749,1
kesepakatan,2,0.1749,1
ijtima,2,0.1749,1
menguatkan,2,0.1749,1
mewujudkan,2,0.1749,1
berdaulat,2,0.1749,2
strategis,2,0.1749,2
memperkuat,2,0.1749,2
kemandirian,2,0.1749,2
mempercepat,2,0.1749,2
hilisasi,2,0.1749,2
meningkatkan,2,0.1749,2
pancasila,2,0.1749,1
kemakmuran,2,0.1749,2
perintahnya,2,0.1749,1
memastikan,2,0.1749,2
konstitusi,2,0.1749,1
tata,2,0.1749,2
tiga,2,0.1749,1
bersifat,2,0.1749,2
partai-partai,2,0.1749,1
intinya,2,0.1749,2
kau,2,0.1749,2
izinkan,2,0.1749,1
rendah,2,0.1749,2
jangankan,2,0.1749,2
penasihat,2,0.1749,2
teks,2,0.1749,1
kata-kata,2,0.1749,2
keliru,2,0.1749,2
sopan,2,0.1749,1
tahan,2,0.1749,1
hati-hati,2,0.1749,1
imin,2,0.1749,1
kancil,2,0.1749,1
dasko,2,0.1749,2
lo,2,0.1749,1
repot,2,0.1749,2
tersentuh,2,0.1749,2
mereka-mereka,2,0.1749,2
bumi,2,0.1749,2
milik,2,0.1749,2
siapapun,2,0.1749,2
arti,2,0.1749,2
tetangga,2,0.1749,1
hentikan,2,0.1749,1
gunakan,2,0.1749,1
bergizi,2,0.1749,2
jam,2,0.1749,2
nyawa,2,0.1749,2
atasi,2,0.1749,2
roboh,2,0.1749,1
cari,2,0.1749,1
tahulah,2,0.1749,2
ireng,2,0.1749,1
lsm,2,0.1749,1
paham,2,0.1749,2
april,2,0.1749,1
sesuatu,2,0.1749,2
bilang,2,0.1749,2
gelas,2,0.1749,1
sepak,2,0.1749,2
bola,2,0.1749,2
lapangan,2,0.1749,2
suporter,2,0.1749,1
ayo,2,0.1749,1
kamu,2,0.1749,1
macam,2,0.1749,2
gendeng,2,0.1749,1
pdp,2,0.1749,1
mengingatkan,2,0.1749,2
beda,2,0.1749,1
kebenaran,2,0.1749,2
diundang,2,0.1749,2
dosa,2,0.1749,1
band,2,0.1749,1
gentar,2,0.1749,2
e,2,0.1749,2
mars,2,0.1749,1
niat,2,0.1749,2
umumkan,2,0.1749,2
aktif,2,0.1749,2
good,2,0.1749,1
lumayan,2,0.1749,2
setia,2,0.1749,1
ibunya,2,0.1749,1
pertiwi,2,0.1749,1
pelantikan,2,0.1749,2
sujud,2,0.1749,1
jalannya,2,0.1749,2
potensi,2,0.1749,2
bersatu,2,0.1749,2
mengeluarkan,2,0.1749,2
inisiatif,2,0.1749,2
nahqoda,2,0.1749,2
hadapi,2,0.1749,2
ribu,2,0.1749,2
dipanggil,2,0.1749,1
menit,2,0.1749,1
pembantu,2,0.1749,2
awal,2,0.1749,2
rambutnya,2,0.1749,1
botak,2,0.1749,1
kapal,2,0.1749,2
nkri,2,0.1749,2
academic,2,0.1749,1
freedom,2,0.1749,1
apalagi,2,0.1749,2
membiayai,2,0.1749,1
subsidi,2,0.1749,1
lakukan,2,0.1749,1
usulan,2,0.1749,2
solusi,2,0.1749,2
kekurangan,2,0.1749,2
pertanian,2,0.1749,2
tuh,2,0.1749,2
konon,2,0.1749,1
kabarnya,2,0.1749,1
berbicara,2,0.1749,2
menciptakan,2,0.1749,2
catur,2,0.1749,1
lanjuti,2,0.1749,1
doktor,2,0.1749,2
laba,2,0.1749,1
masalahnya,2,0.1749,1
bayangkan,2,0.1749,2
kayak,2,0.1749,1
rasional,2,0.1749,2
buktikan,2,0.1749,2
selesai,2,0.1749,2
transparan,2,0.1749,2
strategi,2,0.1749,2
pengolahan,2,0.1749,1
bahan,2,0.1749,2
melalui,2,0.1749,2
membutuhkan,2,0.1749,2
catatan,2,0.1749,2
terakhir,2,0.1749,2
yuliarto,2,0.1749,2
dr,2,0.1749,2
ir,2,0.1749,2
kapolri,2,0.1749,2
civitas,2,0.1749,2
tamu,2,0.1749,2
guru-guru,2,0.1749,1
kebencian,2,0.1749,1
permusuhan,2,0.1749,1
rangka,2,0.1749,2
kalinya,2,0.1749,1
kenyataan,2,0.1749,2
dimiliki,2,0.1749,2
luas,2,0.1749,2
kondisi,2,0.1749,2
individu,2,0.1749,2
kesulitan-kesulitan,2,0.1749,1
sadar,2,0.1749,1
ilmuwan,2,0.1749,1
kunci,2,0.1749,2
sertakan,2,0.1749,1
profesor-profesor,2,0.1749,1
perjalanan,2,0.1749,2
awak,2,0.1749,2
handal,2,0.1749,1
tukang,2,0.1749,1
not,2,0.1749,1
equipment,2,0.1749,1
and,2,0.1749,2
pesawat,2,0.1749,1
suku,2,0.1749,2
latar,2,0.1749,1
harusnya,2,0.1749,2
elitnya,2,0.1749,1
korban,2,0.1749,2
ukrain,2,0.1749,1
hiroshima,2,0.1749,2
nagasaki,2,0.1749,2
pembukaan,2,0.1749,1
sedih,2,0.1749,2
alternatifnya,2,0.1749,1
sepakat,2,0.1749,1
wujudnya,2,0.1749,1
berkali-kali,2,0.1749,2
gandum,2,0.1749,1
kelapa,2,0.1749,2
sawit,2,0.1749,2
beli,2,0.1749,1
motor,2,0.1749,1
mendalam,2,0.1749,2
dibuat,2,0.1749,2
hujan,2,0.1749,1
kembalikan,2,0.1749,2
data-data,2,0.1749,2
menseknek,2,0.1749,1
prasetyo,2,0.1749,2
hadi,2,0.1749,2
yasierli,2,0.1749,2
andi,2,0.1749,1
polisi,2,0.1749,2
teriak,2,0.1749,1
presidennya,2,0.1749,1
letnan,2,0.1749,2
tedi,2,0.1749,2
indrawijaya,2,0.1749,2
tertinggal,2,0.1749,2
gubernur,2,0.1749,2
lingkungan,2,0.1749,2
mengajak,2,0.1749,1
bersejarah,2,0.1749,2
tani,2,0.1749,1
bertekad,2,0.1749,2
ragu-ragu,2,0.1749,1
kebijakan-kebijakan,2,0.1749,1
meresmikan,2,0.1749,1
museum,2,0.1749,1
entah,2,0.1749,1
jelas,2,0.1749,1
merasakan,2,0.1749,2
badannya,2,0.1749,1
anaknya,2,0.1749,1
jujur,2,0.1749,1
petani,2,0.1749,1
pikir,2,0.1749,1
melihat,2,0.1749,2
susu,2,0.1749,1
pengusaha-pengusaha,2,0.1749,1
serakah,2,0.1749,1
pengusaha,2,0.1749,1
suara,2,0.1749,2
percayalah,2,0.1749,1
instruksi,2,0.1749,1
bertanya,2,0.1749,1
menguntungkan,2,0.1749,1
usah,2,0.1749,1
bacakan,2,0.1749,2
menggambarkan,2,0.1749,2
keputusan,2,0.1749,2
hubungan,2,0.1749,2
alih,2,0.1749,1
sesingkat-singkatnya,2,0.1749,2
kota-kota,2,0.1749,1
transportasi,2,0.1749,1
ringan,2,0.1749,1
harga,2,0.1749,2
maunya,2,0.1749,1
tambang,2,0.1749,1
penghasilan,2,0.1749,1
kontrak,2,0.1749,1
lari,2,0.1749,1
pinjam,2,0.1749,1
bunganya,2,0.1749,1
maksimal,2,0.1749,1
bosan,2,0.1749,1
tanda,2,0.1749,1
international,2,0.1749,2
es,2,0.1749,1
kecelakaan,2,0.1749,1
berpihak,2,0.1749,2
berharap,2,0.1749,2
gizi,2,0.1749,2
berkembang,2,0.1749,2
menghasilkan,2,0.1749,2
berarti,2,0.1749,2
warahmatullah,2,0.1749,2
konsolidasi,2,0.1749,1
aset,2,0.1749,1
anagata,2,0.1749,1
azan,2,0.1749,1
magrib,2,0.1749,1
lanjutkan,2,0.1749,1
sesudah,2,0.1749,1
hal-hal,2,0.1749,2
membuktikan,2,0.1749,1
political,2,0.1749,2
kelihatan,2,0.1749,2
ngelola,2,0.1749,1
kertas,2,0.1749,1
itikat,2,0.1749,1
cicit,2,0.1749,1
aneh,2,0.1749,1
diaudit,2,0.1749,1
tantangan,2,0.1749,2
rencana,2,0.1749,1
tercapai,2,0.1749,1
cepat,2,0.1749,2
hal,2,0.1749,2
menunjukkan,2,0.1749,2
terkesan,2,0.1749,1
wajah,2,0.1749,2
hilirisasi,2,0.1749,2
waspada,2,0.1749,2
harapan,2,0.1749,2
well,2,0.1749,1
rugi,2,0.1749,1
mengawasi,2,0.1749,1
darah,2,0.1749,1
rukun,2,0.1749,2
dukung,2,0.1749,1
cintai,2,0.1749,2
kuda,2,0.1749,1
menegaskan,2,0.1749,1
solidaritas,2,0.1749,2
festival,2,0.1749,1
beragam,2,0.1749,2
semoga,2,0.1749,2
negara-negara,2,0.1749,1
sahabat,2,0.1749,1
merupakan,2,0.1749,2
ruangan,2,0.1749,2
muslim,2,0.1749,1
agak,2,0.1749,2
politisi,2,0.1749,1
itulah,2,0.1749,1
pemimpin-pemimpin,2,0.1749,1
penindasan,2,0.1749,1
sikap,2,0.1749,1
pura-pura,2,0.1749,1
mustafa,2,0.1749,1
mehmed,2,0.1749,1
penakluk,2,0.1749,1
kantor,2,0.1749,1
global,2,0.1749,2
pendapat,2,0.1749,2
didengar,2,0.1749,2
bersama-sama,2,0.1749,2
institut,2,0.1749,1
dirgantara,2,0.1749,1
beserta,2,0.1749,1
dedi,2,0.1749,1
mulyadi,2,0.1749,1
provinsi,2,0.1749,1
mahasiswa,2,0.1749,2
meninggalkan,2,0.1749,2
sri,2,0.1749,1
digitalisasi,2,0.1749,1
ugm,2,0.1749,1
dicatat,2,0.1749,2
dipersilakan,2,0.1749,2
penyampaian,2,0.1749,1
ataupun,2,0.1749,1
kepolisian,2,0.1749,1
publik,2,0.1749,1
langkah,2,0.1749,1
pencabutan,2,0.1749,1
besaran,2,0.1749,1
tunjangan,2,0.1749,1
moratorium,2,0.1749,1
adanya,2,0.1749,1
mengancam,2,0.1749,1
aparat,2,0.1749,1
bertugas,2,0.1749,1
mengarah,2,0.1749,1
penjarahan,2,0.1749,1
tindaklanjuti,2,0.1749,1
merugikan,2,0.1749,1
santri-santriwati,2,0.1749,1
mengawal,2,0.1749,1
berakhlak,2,0.1749,1
rahayu-rahayu,1,0.0874,1
henti-henti,1,0.0874,1
peperangan,1,0.0874,1
konflik,1,0.0874,1
ke-28,1,0.0874,1
pemberdayaan,1,0.0874,1
abdul,1,0.0874,1
daskoh,1,0.0874,1
mpr,1,0.0874,1
rusdi,1,0.0874,1
kirana,1,0.0874,1
wurianto,1,0.0874,1
baskoro,1,0.0874,1
yudoyono,1,0.0874,1
dwianto,1,0.0874,1
suparno,1,0.0874,1
abcandra,1,0.0874,1
sari,1,0.0874,1
juliati,1,0.0874,1
cucun,1,0.0874,1
samsal,1,0.0874,1
lahadia,1,0.0874,1
singkatan,1,0.0874,1
mas,1,0.0874,1
ganteng,1,0.0874,1
zulkifli,1,0.0874,1
esdm,1,0.0874,1
sugifi,1,0.0874,1
harimurti,1,0.0874,1
yodoyono,1,0.0874,1
infrastruktur,1,0.0874,1
kewilayahan,1,0.0874,1
almuzamil,1,0.0874,1
yusuf,1,0.0874,1
mewakili,1,0.0874,1
pdi,1,0.0874,1
jarot,1,0.0874,1
saiful,1,0.0874,1
diwakili,1,0.0874,1
sekjen,1,0.0874,1
nasdem,1,0.0874,1
hermawi,1,0.0874,1
taslim,1,0.0874,1
mardiono,1,0.0874,1
jabo,1,0.0874,1
priono,1,0.0874,1
perindo,1,0.0874,1
angela,1,0.0874,1
tanu,1,0.0874,1
sudibo,1,0.0874,1
muliakan,1,0.0874,1
sebutkan,1,0.0874,1
pengasuh,1,0.0874,1
lirboyo,1,0.0874,1
kediri,1,0.0874,1
abdullah,1,0.0874,1
kafah,1,0.0874,1
bihi,1,0.0874,1
mahrus,1,0.0874,1
mustasyar,1,0.0874,1
agil,1,0.0874,1
siraj,1,0.0874,1
suruh,1,0.0874,1
manarul,1,0.0874,1
hidayah,1,0.0874,1
pembina,1,0.0874,1
perempuan,1,0.0874,1
rustini,1,0.0874,1
adal,1,0.0874,1
fattah,1,0.0874,1
aka,1,0.0874,1
alatari,1,0.0874,1
tokoh,1,0.0874,1
suryah,1,0.0874,1
wilayah,1,0.0874,1
cabang,1,0.0874,1
pengurus,1,0.0874,1
kader,1,0.0874,1
engkau,1,0.0874,1
pertama-tama,1,0.0874,1
penghormatan,1,0.0874,1
bahagia,1,0.0874,1
tahunnya,1,0.0874,1
memakai,1,0.0874,1
nomix,1,0.0874,1
sesungguhnya,1,0.0874,1
ketegasan,1,0.0874,1
cita-cita,1,0.0874,1
pendiri,1,0.0874,1
proklamasi,1,0.0874,1
gag,1,0.0874,1
roh,1,0.0874,1
menginginkan,1,0.0874,1
dinikmati,1,0.0874,1
ditaruh,1,0.0874,1
disimpan,1,0.0874,1
dianggap,1,0.0874,1
dewa-dewa,1,0.0874,1
gitu,1,0.0874,1
sederhana,1,0.0874,1
cangkir,1,0.0874,1
modalnya,1,0.0874,1
dijual,1,0.0874,1
selisihnya,1,0.0874,1
ditabung,1,0.0874,1
ditabung-tabung,1,0.0874,1
terang,1,0.0874,1
tahunan,1,0.0874,1
pgb,1,0.0874,1
harlahnya,1,0.0874,1
ngundang,1,0.0874,1
sor,1,0.0874,1
ye,1,0.0874,1
tahunmu,1,0.0874,1
pan,1,0.0874,1
ngeri,1,0.0874,1
kiai-kiai,1,0.0874,1
bos,1,0.0874,1
sambutan,1,0.0874,1
mar'ruf,1,0.0874,1
suro,1,0.0874,1
perintah-perintah,1,0.0874,1
maruf,1,0.0874,1
sehari-hari,1,0.0874,1
masyaallah,1,0.0874,1
stimah,1,0.0874,1
langkah-langkah,1,0.0874,1
industrialisasi,1,0.0874,1
ketahanan,1,0.0874,1
kualitas,1,0.0874,1
sumber,1,0.0874,1
mengembalikan,1,0.0874,1
demi,1,0.0874,1
sebesar-besarnya,1,0.0874,1
nurani,1,0.0874,1
tetap,1,0.0874,1
berjalan,1,0.0874,1
koridor,1,0.0874,1
meneguhkan,1,0.0874,1
komitmen,1,0.0874,1
menata,1,0.0874,1
nu,1,0.0874,1
kelebihan-kelebihan,1,0.0874,1
dur,1,0.0874,1
dasok,1,0.0874,1
gerinda,1,0.0874,1
makai,1,0.0874,1
sok,1,0.0874,1
tidur,1,0.0874,1
wuh,1,0.0874,1
ditunggu,1,0.0874,1
lama-lama,1,0.0874,1
mata,1,0.0874,1
gusimin,1,0.0874,1
sumi,1,0.0874,1
daskco,1,0.0874,1
provokator,1,0.0874,1
narik,1,0.0874,1
jangan-jangan,1,0.0874,1
ketiga,1,0.0874,1
wah,1,0.0874,1
ni,1,0.0874,1
bahaya,1,0.0874,1
menangkap,1,0.0874,1
dipahami,1,0.0874,1
dimengerti,1,0.0874,1
membiarkan,1,0.0874,1
perlawanan,1,0.0874,1
terusik,1,0.0874,1
buat,1,0.0874,1
pilihan,1,0.0874,1
terkandung,1,0.0874,1
dalamnya,1,0.0874,1
mimpin,1,0.0874,1
pilih,1,0.0874,1
sekuat,1,0.0874,1
kendalikan,1,0.0874,1
manfaatkan,1,0.0874,1
pakar,1,0.0874,1
ekonominya,1,0.0874,1
hitung,1,0.0874,1
angka,1,0.0874,1
sononya,1,0.0874,1
incremental,1,0.0874,1
capital,1,0.0874,1
output,1,0.0874,1
ratio,1,0.0874,1
nambah,1,0.0874,1
r1,1,0.0874,1
rp1,1,0.0874,1
rp6,1,0.0874,1
selisih,1,0.0874,1
per6,1,0.0874,1
sepertiga,1,0.0874,1
anggaran,1,0.0874,1
introspeksi,1,0.0874,1
pembelian,1,0.0874,1
harganya,1,0.0874,1
digelembungkan,1,0.0874,1
digelembungkannya,1,0.0874,1
gila-gilaan,1,0.0874,1
hemat,1,0.0874,1
menghemat,1,0.0874,1
desember,1,0.0874,1
nyampikan,1,0.0874,1
tali,1,0.0874,1
kotak-kotak,1,0.0874,1
sekolah-sekolah,1,0.0874,1
instruksikan,1,0.0874,1
belas,1,0.0874,1
disentuh,1,0.0874,1
media-media,1,0.0874,1
diperbaiki,1,0.0874,1
foto,1,0.0874,1
taruh,1,0.0874,1
halaman,1,0.0874,1
sebutlah,1,0.0874,1
saatnya,1,0.0874,1
antikritik,1,0.0874,1
senang,1,0.0874,1
mengabdi,1,0.0874,1
berbakti,1,0.0874,1
londo,1,0.0874,1
ulul,1,0.0874,1
belanda,1,0.0874,1
lawan,1,0.0874,1
lond-londo,1,0.0874,1
baju,1,0.0874,1
jurnalis,1,0.0874,1
pengamat,1,0.0874,1
gaji,1,0.0874,1
listrikmu,1,0.0874,1
handphone-emu,1,0.0874,1
kampanye,1,0.0874,1
goyah,1,0.0874,1
collapse,1,0.0874,1
liwat,1,0.0874,1
juni,1,0.0874,1
juli,1,0.0874,1
umpamanya,1,0.0874,1
main,1,0.0874,1
bertarung,1,0.0874,1
nurunkan,1,0.0874,1
moril,1,0.0874,1
dong,1,0.0874,1
gol,1,0.0874,1
support,1,0.0874,1
sih,1,0.0874,1
bahasanya,1,0.0874,1
bicaranya,1,0.0874,1
belak-blakan,1,0.0874,1
banyumas,1,0.0874,1
bersaing,1,0.0874,1
berpisah,1,0.0874,1
gabung,1,0.0874,1
pdip,1,0.0874,1
cek,1,0.0874,1
gali,1,0.0874,1
karno,1,0.0874,1
hatta,1,0.0874,1
sebelum,1,0.0874,1
dikritik,1,0.0874,1
menyelamatkan,1,0.0874,1
caci,1,0.0874,1
maki,1,0.0874,1
fitnah,1,0.0874,1
menjalankan,1,0.0874,1
terusan,1,0.0874,1
terusang,1,0.0874,1
kecapekan,1,0.0874,1
rasakan,1,0.0874,1
nyambut,1,0.0874,1
lagunya,1,0.0874,1
tak,1,0.0874,1
tanya-tanya,1,0.0874,1
punawiran,1,0.0874,1
disambut,1,0.0874,1
kelenengan,1,0.0874,1
sambut,1,0.0874,1
lagu,1,0.0874,1
harlah-haralah,1,0.0874,1
menyakiti,1,0.0874,1
nonblok,1,0.0874,1
musuh,1,0.0874,1
bebas,1,0.0874,1
dipimpin,1,0.0874,1
neighbor,1,0.0874,1
policy,1,0.0874,1
we,1,0.0874,1
want,1,0.0874,1
to,1,0.0874,1
be,1,0.0874,1
neighbors,1,0.0874,1
tawar-menawar,1,0.0874,1
diganggu,1,0.0874,1
semesta,1,0.0874,1
cintanya,1,0.0874,1
negaranya,1,0.0874,1
ganggu,1,0.0874,1
kedaulatannya,1,0.0874,1
kemerdekaannya,1,0.0874,1
diperkuat,1,0.0874,1
senafas,1,0.0874,1
sejiwa,1,0.0874,1
insting,1,0.0874,1
kata,1,0.0874,1
patriot,1,0.0874,1
tv,1,0.0874,1
mengharukan,1,0.0874,1
cium,1,0.0874,1
mendikti,1,0.0874,1
monitor,1,0.0874,1
salasihan,1,0.0874,1
padat,1,0.0874,1
garis,1,0.0874,1
tukar-menukar,1,0.0874,1
keterangan,1,0.0874,1
keinginan,1,0.0874,1
pemikiran,1,0.0874,1
survival,1,0.0874,1
kelangsungan,1,0.0874,1
singkat,1,0.0874,1
pemegang,1,0.0874,1
planet,1,0.0874,1
kejadian,1,0.0874,1
belasan,1,0.0874,1
kilometer,1,0.0874,1
berpengaruh,1,0.0874,1
bertek,1,0.0874,1
bermusuhan,1,0.0874,1
belahan,1,0.0874,1
kena,1,0.0874,1
dampaknya,1,0.0874,1
jumpa,1,0.0874,1
kasihan,1,0.0874,1
sekitar,1,0.0874,1
bolak-balik,1,0.0874,1
handphone,1,0.0874,1
alasan,1,0.0874,1
wush,1,0.0874,1
makin,1,0.0874,1
inginkan,1,0.0874,1
gagasan-gagasan,1,0.0874,1
filosofi,1,0.0874,1
situlah,1,0.0874,1
akademis,1,0.0874,1
lain-lain,1,0.0874,1
pemikiranem,1,0.0874,1
katakanlah,1,0.0874,1
pertentangan,1,0.0874,1
biarlah,1,0.0874,1
menggeluti,1,0.0874,1
manfaat,1,0.0874,1
berperan,1,0.0874,1
listrik,1,0.0874,1
upaya,1,0.0874,1
tukun,1,0.0874,1
sarsakan,1,0.0874,1
pertanyaan,1,0.0874,1
janji,1,0.0874,1
tiktok,1,0.0874,1
lanjut,1,0.0874,1
berkeyakinan,1,0.0874,1
masukan,1,0.0874,1
sukses,1,0.0874,1
mengetahui,1,0.0874,1
mengatasinya,1,0.0874,1
nias,1,0.0874,1
jumat,1,0.0874,1
tentu,1,0.0874,1
nukleir,1,0.0874,1
membantu,1,0.0874,1
murah,1,0.0874,1
relatif,1,0.0874,1
medis,1,0.0874,1
menghabiskan,1,0.0874,1
artificial,1,0.0874,1
intelligence,1,0.0874,1
mengejar,1,0.0874,1
ketinggalan,1,0.0874,1
penemu,1,0.0874,1
warning,1,0.0874,1
agen,1,0.0874,1
berkarya,1,0.0874,1
kelompok,1,0.0874,1
korporasi,1,0.0874,1
minggu,1,0.0874,1
chat,1,0.0874,1
room,1,0.0874,1
kode,1,0.0874,1
membuat,1,0.0874,1
karya-karya,1,0.0874,1
mendalami,1,0.0874,1
sepintas,1,0.0874,1
alokasi,1,0.0874,1
beasiswa,1,0.0874,1
sebagain,1,0.0874,1
sektor,1,0.0874,1
indust,1,0.0874,1
biaya,1,0.0874,1
diusulkan,1,0.0874,1
mengalokasikan,1,0.0874,1
labanya,1,0.0874,1
buemen-boomen,1,0.0874,1
bersihkan,1,0.0874,1
tertibkan,1,0.0874,1
nantinya,1,0.0874,1
lah,1,0.0874,1
osar,1,0.0874,1
doni,1,0.0874,1
ben,1,0.0874,1
root,1,0.0874,1
direksi,1,0.0874,1
komisaris,1,0.0874,1
overhead-nya,1,0.0874,1
gajinya,1,0.0874,1
overhead,1,0.0874,1
bumn-bomn,1,0.0874,1
bengkulu,1,0.0874,1
baku,1,0.0874,1
penciptaan,1,0.0874,1
produk,1,0.0874,1
cita-citakan,1,0.0874,1
insyaallah,1,0.0874,1
usul-usul,1,0.0874,1
institusi,1,0.0874,1
melibatkan,1,0.0874,1
mohon,1,0.0874,1
perhatian,1,0.0874,1
penutupan,1,0.0874,1
sesi,1,0.0874,1
mandi,1,0.0874,1
gorontalo,1,0.0874,1
edward,1,0.0874,1
wolok,1,0.0874,1
jaksa,1,0.0874,1
politeknik,1,0.0874,1
layanan,1,0.0874,1
dekan,1,0.0874,1
akademik,1,0.0874,1
rektornya,1,0.0874,1
dimarahin,1,0.0874,1
panitia,1,0.0874,1
dimanfaatkan,1,0.0874,1
gerakkan,1,0.0874,1
kemampuan,1,0.0874,1
henti-hentinya,1,0.0874,1
bertemu,1,0.0874,1
bertatap,1,0.0874,1
istana,1,0.0874,1
basa-basi,1,0.0874,1
perubahan,1,0.0874,1
berasal,1,0.0874,1
pemikir-pemikir,1,0.0874,1
ditentukan,1,0.0874,1
berpindah-pindah,1,0.0874,1
menemukan,1,0.0874,1
muncullah,1,0.0874,1
masyar,1,0.0874,1
masyarakat-masyarakat,1,0.0874,1
agraris,1,0.0874,1
sampailah,1,0.0874,1
berbangsa,1,0.0874,1
tujuannya,1,0.0874,1
memegang,1,0.0874,1
peran,1,0.0874,1
simak,1,0.0874,1
posisi-posisi,1,0.0874,1
menentukan,1,0.0874,1
kepimpinan,1,0.0874,1
nakqoda,1,0.0874,1
kapalnya,1,0.0874,1
menang,1,0.0874,1
manajer,1,0.0874,1
coach,1,0.0874,1
pelatih-pelatih,1,0.0874,1
pijit,1,0.0874,1
bawa,1,0.0874,1
minuman,1,0.0874,1
technology,1,0.0874,1
man,1,0.0874,1
women,1,0.0874,1
behind,1,0.0874,1
sadari,1,0.0874,1
percuma,1,0.0874,1
canggih,1,0.0874,1
pilotnya,1,0.0874,1
kesadaran,1,0.0874,1
berterima,1,0.0874,1
mengikut,1,0.0874,1
pragapan,1,0.0874,1
pertemuan,1,0.0874,1
praanggapan,1,0.0874,1
berperanggapan,1,0.0874,1
bangsanya,1,0.0874,1
ideologi,1,0.0874,1
profesi,1,0.0874,1
dokter,1,0.0874,1
sipil,1,0.0874,1
terbang,1,0.0874,1
arkeologi,1,0.0874,1
antropologi,1,0.0874,1
pengusap,1,0.0874,1
airnya,1,0.0874,1
titik-titik,1,0.0874,1
hobi,1,0.0874,1
passion,1,0.0874,1
potensinya,1,0.0874,1
mengajarkan,1,0.0874,1
berita,1,0.0874,1
ukraina,1,0.0874,1
eropa,1,0.0874,1
rasnya,1,0.0874,1
sukunya,1,0.0874,1
agamanya,1,0.0874,1
perangnya,1,0.0874,1
mati,1,0.0874,1
libanon,1,0.0874,1
rata,1,0.0874,1
akibatnya,1,0.0874,1
lebanon,1,0.0874,1
iran,1,0.0874,1
teluk,1,0.0874,1
yaman,1,0.0874,1
afghanistan,1,0.0874,1
balukistan,1,0.0874,1
myanmar,1,0.0874,1
wangai,1,0.0874,1
kamboja,1,0.0874,1
kuncinya,1,0.0874,1
elit,1,0.0874,1
renungkan,1,0.0874,1
persuasi,1,0.0874,1
dipilih,1,0.0874,1
demokratis,1,0.0874,1
mengganggu,1,0.0874,1
biasanya,1,0.0874,1
audiens,1,0.0874,1
ketawa,1,0.0874,1
berkuasa,1,0.0874,1
puas,1,0.0874,1
kapan,1,0.0874,1
kepintaran,1,0.0874,1
abdikan,1,0.0874,1
miskin,1,0.0874,1
bakar-bakar,1,0.0874,1
anarki,1,0.0874,1
maki-memaki,1,0.0874,1
produktif,1,0.0874,1
terobosan,1,0.0874,1
benih,1,0.0874,1
impor,1,0.0874,1
per,1,0.0874,1
malaysia,1,0.0874,1
produktivitasnya,1,0.0874,1
phd,1,0.0874,1
kepuasaan,1,0.0874,1
pulang,1,0.0874,1
desainnya,1,0.0874,1
produknya,1,0.0874,1
klaim,1,0.0874,1
risikonya,1,0.0874,1
bulan-bulan,1,0.0874,1
kecuali,1,0.0874,1
siapkan,1,0.0874,1
kopi-kopi,1,0.0874,1
data,1,0.0874,1
fakta,1,0.0874,1
monggo,1,0.0874,1
kaji,1,0.0874,1
teliti,1,0.0874,1
fakta-fakta,1,0.0874,1
saintifik,1,0.0874,1
anggap,1,0.0874,1
relevan,1,0.0874,1
kesimpulan,1,0.0874,1
mandiri,1,0.0874,1
elemen,1,0.0874,1
utamanya,1,0.0874,1
sugiono,1,0.0874,1
terus-menerus,1,0.0874,1
aktas,1,0.0874,1
perundungan,1,0.0874,1
migran,1,0.0874,1
mukhtarudin,1,0.0874,1
staf,1,0.0874,1
purnawirowan,1,0.0874,1
dudung,1,0.0874,1
abdurrahman,1,0.0874,1
listio,1,0.0874,1
lek,1,0.0874,1
emak-emak,1,0.0874,1
kolonel,1,0.0874,1
qodari,1,0.0874,1
maskal,1,0.0874,1
madia,1,0.0874,1
pernawirawan,1,0.0874,1
eko,1,0.0874,1
suharianto,1,0.0874,1
juri,1,0.0874,1
ardiantoro,1,0.0874,1
afrian,1,0.0874,1
syahnur,1,0.0874,1
liza,1,0.0874,1
patrea,1,0.0874,1
dki,1,0.0874,1
pramono,1,0.0874,1
anung,1,0.0874,1
wibowo,1,0.0874,1
bowonya,1,0.0874,1
partainya,1,0.0874,1
menjabat,1,0.0874,1
jumhur,1,0.0874,1
ganin,1,0.0874,1
iqbal,1,0.0874,1
eli,1,0.0874,1
rosita,1,0.0874,1
silaban,1,0.0874,1
ilham,1,0.0874,1
syah,1,0.0874,1
kadin,1,0.0874,1
apindo,1,0.0874,1
hipmi,1,0.0874,1
lainnya,1,0.0874,1
diabsen,1,0.0874,1
daftarnya,1,0.0874,1
day,1,0.0874,1
bersumpah,1,0.0874,1
sulit,1,0.0874,1
menilai,1,0.0874,1
mengangkat,1,0.0874,1
marsinah,1,0.0874,1
berangkat,1,0.0874,1
ngelundo,1,0.0874,1
nganjuk,1,0.0874,1
marsin,1,0.0874,1
melaporkan,1,0.0874,1
mensahkan,1,0.0874,1
pekerja-pekerja,1,0.0874,1
dibayar,1,0.0874,1
sahkan,1,0.0874,1
tengah-tengah,1,0.0874,1
menyadari,1,0.0874,1
keringatnya,1,0.0874,1
tangannya,1,0.0874,1
halal,1,0.0874,1
istrinya,1,0.0874,1
ikhlas,1,0.0874,1
pangkat,1,0.0874,1
heran,1,0.0874,1
maling,1,0.0874,1
terpanggil,1,0.0874,1
usia,1,0.0874,1
pensiun,1,0.0874,1
elit-elit,1,0.0874,1
curi,1,0.0874,1
dirampok,1,0.0874,1
maling-maling,1,0.0874,1
lapar,1,0.0874,1
pejabat-pejabat,1,0.0874,1
brengsek,1,0.0874,1
dewasa,1,0.0874,1
benci,1,0.0874,1
kayanya,1,0.0874,1
ngerampok,1,0.0874,1
pengin,1,0.0874,1
merekalah,1,0.0874,1
segalanya,1,0.0874,1
menyusun,1,0.0874,1
berpikir,1,0.0874,1
apakah,1,0.0874,1
dibikin,1,0.0874,1
had,1,0.0874,1
pembentukan,1,0.0874,1
satuan,1,0.0874,1
mitigasi,1,0.0874,1
pemutusan,1,0.0874,1
diancam,1,0.0874,1
phk,1,0.0874,1
panik,1,0.0874,1
swas,1,0.0874,1
swasembada,1,0.0874,1
pimpinan-pimpinan,1,0.0874,1
penitipan,1,0.0874,1
dayare,1,0.0874,1
terjangkau,1,0.0874,1
kluster-kluster,1,0.0874,1
kawasan-kawasan,1,0.0874,1
rencanakan,1,0.0874,1
terdiri,1,0.0874,1
susun,1,0.0874,1
olahraga,1,0.0874,1
daycare,1,0.0874,1
sakit,1,0.0874,1
kereta,1,0.0874,1
bis,1,0.0874,1
lancar,1,0.0874,1
kartu,1,0.0874,1
transport,1,0.0874,1
seben,1,0.0874,1
dicolong,1,0.0874,1
kebun,1,0.0874,1
perhitungan,1,0.0874,1
ilegal,1,0.0874,1
yakinkan,1,0.0874,1
miliki,1,0.0874,1
kurangi,1,0.0874,1
cicil,1,0.0874,1
rumahmu,1,0.0874,1
cicilnya,1,0.0874,1
lunas,1,0.0874,1
gilanya,1,0.0874,1
setahun,1,0.0874,1
bank-bank,1,0.0874,1
sebentar,1,0.0874,1
kucurkan,1,0.0874,1
kredit,1,0.0874,1
jiwanya,1,0.0874,1
aplikator,1,0.0874,1
disetor,1,0.0874,1
bawah,1,0.0874,1
enak,1,0.0874,1
keringat,1,0.0874,1
duit,1,0.0874,1
allahu,1,0.0874,1
dangdut,1,0.0874,1
gimanaikasi,1,0.0874,1
ratifikasi,1,0.0874,1
labor,1,0.0874,1
organization,1,0.0874,1
diurus,1,0.0874,1
istri,1,0.0874,1
melaut,1,0.0874,1
bantu,1,0.0874,1
kapal-kapal,1,0.0874,1
mengatur,1,0.0874,1
online,1,0.0874,1
asuransi,1,0.0874,1
pembagian,1,0.0874,1
pendapatan,1,0.0874,1
menaikkan,1,0.0874,1
minimum,1,0.0874,1
bersubsidi,1,0.0874,1
bonus,1,0.0874,1
raya,1,0.0874,1
kurir,1,0.0874,1
melunasi,1,0.0874,1
memperluas,1,0.0874,1
disabilitas,1,0.0874,1
diskon,1,0.0874,1
iuran,1,0.0874,1
kematian,1,0.0874,1
penerima,1,0.0874,1
rancangan,1,0.0874,1
menjamin,1,0.0874,1
sosial,1,0.0874,1
berpenghasilan,1,0.0874,1
sebesar,1,0.0874,1
bermanfaat,1,0.0874,1
mengalami,1,0.0874,1
selnya,1,0.0874,1
telur,1,0.0874,1
daging,1,0.0874,1
sayur,1,0.0874,1
ikan,1,0.0874,1
petani-petani,1,0.0874,1
beredar,1,0.0874,1
jutaan,1,0.0874,1
pejabat,1,0.0874,1
pegawai,1,0.0874,1
rekan,1,0.0874,1
berat,1,0.0874,1
memanage,1,0.0874,1
pentingnya,1,0.0874,1
sebenarnya,1,0.0874,1
komprehensif,1,0.0874,1
tabrakan,1,0.0874,1
puasa,1,0.0874,1
break,1,0.0874,1
lantai,1,0.0874,1
batal,1,0.0874,1
heeh,1,0.0874,1
fokus,1,0.0874,1
disetarakan,1,0.0874,1
wealth,1,0.0874,1
sovnalt,1,0.0874,1
keenam,1,0.0874,1
ketujuh,1,0.0874,1
pengelolaan,1,0.0874,1
hasil,1,0.0874,1
mudah-mudahan,1,0.0874,1
main-main,1,0.0874,1
palsu,1,0.0874,1
menyenang,1,0.0874,1
menyenang-nyenangkan,1,0.0874,1
peringatan,1,0.0874,1
gembira,1,0.0874,1
dibandingkan,1,0.0874,1
sebelum-sebelumnya,1,0.0874,1
entitas,1,0.0874,1
didirikan,1,0.0874,1
puluh,1,0.0874,1
bergerak,1,0.0874,1
tekstil,1,0.0874,1
fatal,1,0.0874,1
senayan,1,0.0874,1
buku,1,0.0874,1
obat,1,0.0874,1
perusahaan-perusahaan,1,0.0874,1
farma,1,0.0874,1
lambat,1,0.0874,1
laun,1,0.0874,1
penyimpangan-penyimpangan,1,0.0874,1
awal-awal,1,0.0874,1
melahirkan,1,0.0874,1
peraturan-peraturan,1,0.0874,1
standar-standar,1,0.0874,1
target,1,0.0874,1
tahun-tahun,1,0.0874,1
capai,1,0.0874,1
msen,1,0.0874,1
sasaranmu,1,0.0874,1
mengapa,1,0.0874,1
ingatkan,1,0.0874,1
mendesak,1,0.0874,1
ujian,1,0.0874,1
batu,1,0.0874,1
loncatan,1,0.0874,1
menderita,1,0.0874,1
blessing,1,0.0874,1
in,1,0.0874,1
disguise,1,0.0874,1
memaksa,1,0.0874,1
niat-niat,1,0.0874,1
sasada,1,0.0874,1
alhamdulillah,1,0.0874,1
maksa,1,0.0874,1
akselerasi,1,0.0874,1
percepat,1,0.0874,1
alternatif,1,0.0874,1
menyedihkan,1,0.0874,1
daripada,1,0.0874,1
singkong,1,0.0874,1
jagung,1,0.0874,1
tebu,1,0.0874,1
geotermal,1,0.0874,1
cadangan,1,0.0874,1
dieksploitasi,1,0.0874,1
sepenuhnya,1,0.0874,1
melaksanakan,1,0.0874,1
listrikasi,1,0.0874,1
terbarukan,1,0.0874,1
surya,1,0.0874,1
gw,1,0.0874,1
efektif,1,0.0874,1
mengimbangi,1,0.0874,1
prestasi-prestasi,1,0.0874,1
nanantara,1,0.0874,1
putra-putri,1,0.0874,1
smart,1,0.0874,1
bisnis,1,0.0874,1
titip,1,0.0874,1
kewaspadaan,1,0.0874,1
eling,1,0.0874,1
pundak,1,0.0874,1
akibat,1,0.0874,1
manajemennya,1,0.0874,1
upayakan,1,0.0874,1
pengawasan,1,0.0874,1
diawasi,1,0.0874,1
menko,1,0.0874,1
bpk,1,0.0874,1
bpkp,1,0.0874,1
awasi,1,0.0874,1
kejaksaan,1,0.0874,1
samping,1,0.0874,1
menunjuk,1,0.0874,1
tunjuk,1,0.0874,1
cerah,1,0.0874,1
gagah,1,0.0874,1
salvei,1,0.0874,1
merayakan,1,0.0874,1
kongsi,1,0.0874,1
fachai,1,0.0874,1
keagamaan,1,0.0874,1
momentum,1,0.0874,1
persaudaraan,1,0.0874,1
mencerminkan,1,0.0874,1
jati,1,0.0874,1
keberagaman,1,0.0874,1
tegak,1,0.0874,1
menampilkan,1,0.0874,1
tradisi,1,0.0874,1
gotongroyong,1,0.0874,1
kemanusiaan,1,0.0874,1
makna,1,0.0874,1
bertampingan,1,0.0874,1
suci,1,0.0874,1
ramadan,1,0.0874,1
asli,1,0.0874,1
merawat,1,0.0874,1
penyelenggaraan,1,0.0874,1
berlangsung,1,0.0874,1
berbagai,1,0.0874,1
medan,1,0.0874,1
palembang,1,0.0874,1
batam,1,0.0874,1
bogor,1,0.0874,1
semarang,1,0.0874,1
solo,1,0.0874,1
surabaya,1,0.0874,1
pontianak,1,0.0874,1
singkawang,1,0.0874,1
makassar,1,0.0874,1
manado,1,0.0874,1
slogan,1,0.0874,1
simbol,1,0.0874,1
songsong,1,0.0874,1
optimisme,1,0.0874,1
keberkahan,1,0.0874,1
gongsi,1,0.0874,1
faai,1,0.0874,1
keberuntungan,1,0.0874,1
kebahagiaan,1,0.0874,1
menyertai,1,0.0874,1
how,1,0.0874,1
are,1,0.0874,1
mus,1,0.0874,1
numan,1,0.0874,1
kurtulmus,1,0.0874,1
internasional,1,0.0874,1
tamu-tamu,1,0.0874,1
terkasih,1,0.0874,1
jantung,1,0.0874,1
hangat,1,0.0874,1
saudara-saudaramu,1,0.0874,1
parlemen,1,0.0874,1
grogi,1,0.0874,1
sekedar,1,0.0874,1
kenegaraan,1,0.0874,1
momen,1,0.0874,1
seseorang,1,0.0874,1
sejarahnya,1,0.0874,1
perjuangannya,1,0.0874,1
istimewa,1,0.0874,1
penerus,1,0.0874,1
ossani,1,0.0874,1
sultan-sultan,1,0.0874,1
diserang,1,0.0874,1
imperialis-imperialis,1,0.0874,1
kekaisaran,1,0.0874,1
bantuan,1,0.0874,1
senjata,1,0.0874,1
mengunjungi,1,0.0874,1
daerah-daerah,1,0.0874,1
berkampanye,1,0.0874,1
sumatera,1,0.0874,1
aceh,1,0.0874,1
deli,1,0.0874,1
serdang,1,0.0874,1
cerita,1,0.0874,1
kakek-kakek,1,0.0874,1
dilatih,1,0.0874,1
dibantu,1,0.0874,1
perwira-perwira,1,0.0874,1
prajurit-prajurit,1,0.0874,1
kekasaran,1,0.0874,1
diceritakan,1,0.0874,1
sering,1,0.0874,1
mencatat,1,0.0874,1
ikatan,1,0.0874,1
lahir,1,0.0874,1
nilai-nilai,1,0.0874,1
kagum,1,0.0874,1
persahabatan,1,0.0874,1
terjalin,1,0.0874,1
berabad-abad,1,0.0874,1
bersahabat,1,0.0874,1
membagi,1,0.0874,1
kemajuan-kemajuan,1,0.0874,1
dialami,1,0.0874,1
begini,1,0.0874,1
rakyat-rakyat,1,0.0874,1
tertindas,1,0.0874,1
azazi,1,0.0874,1
bom,1,0.0874,1
berdosa,1,0.0874,1
dibom,1,0.0874,1
kehilangan,1,0.0874,1
diam,1,0.0874,1
asasi,1,0.0874,1
pengagum,1,0.0874,1
diinspirasi,1,0.0874,1
ataturk,1,0.0874,1
sang,1,0.0874,1
patung,1,0.0874,1
mustfa,1,0.0874,1
atatur,1,0.0874,1
south,1,0.0874,1
turk,1,0.0874,1
patriotisme,1,0.0874,1
mengenal,1,0.0874,1
geopolitik,1,0.0874,1
kearifan,1,0.0874,1
tampil,1,0.0874,1
sama-sama,1,0.0874,1
memimpin,1,0.0874,1
transformasi,1,0.0874,1
korupsi,1,0.0874,1
abad,1,0.0874,1
ke-21,1,0.0874,1
berhadapan,1,0.0874,1
cipta,1,0.0874,1
jajaran,1,0.0874,1
senat,1,0.0874,1
akademika,1,0.0874,1
kang,1,0.0874,1
forko,1,0.0874,1
pimda,1,0.0874,1
walikota,1,0.0874,1
farhan,1,0.0874,1
berkenan,1,0.0874,1
kandidat,1,0.0874,1
peneliti,1,0.0874,1
unggul,1,0.0874,1
engineering,1,0.0874,1
mathematics,1,0.0874,1
menyapa,1,0.0874,1
setingkat,1,0.0874,1
jauh-jauh,1,0.0874,1
disapa,1,0.0874,1
dibatasi,1,0.0874,1
kebudayaan,1,0.0874,1
pratikno,1,0.0874,1
rozan,1,0.0874,1
perkasa,1,0.0874,1
rozlani,1,0.0874,1
budi,1,0.0874,1
gunadi,1,0.0874,1
sadikin,1,0.0874,1
purnawirawan,1,0.0874,1
safri,1,0.0874,1
samsudin,1,0.0874,1
bapenas,1,0.0874,1
rahmat,1,0.0874,1
pambudi,1,0.0874,1
keuangan,1,0.0874,1
mulyani,1,0.0874,1
kelautan,1,0.0874,1
sakti,1,0.0874,1
wahyu,1,0.0874,1
tranggono,1,0.0874,1
metia,1,0.0874,1
viada,1,0.0874,1
hafid,1,0.0874,1
rupanya,1,0.0874,1
led,1,0.0874,1
temannya,1,0.0874,1
bu,1,0.0874,1
statistik,1,0.0874,1
amalia,1,0.0874,1
adi,1,0.0874,1
ninggar,1,0.0874,1
nyusun,1,0.0874,1
dadan,1,0.0874,1
hindayana,1,0.0874,1
laksana,1,0.0874,1
tri,1,0.0874,1
handoko,1,0.0874,1
angga,1,0.0874,1
fauzan,1,0.0874,1
stella,1,0.0874,1
kristi,1,0.0874,1
toda,1,0.0874,1
pasarbu,1,0.0874,1
horas,1,0.0874,1
simon,1,0.0874,1
aloisius,1,0.0874,1
mantiri,1,0.0874,1
pln,1,0.0874,1
darmawan,1,0.0874,1
prasojo,1,0.0874,1
telkom,1,0.0874,1
dian,1,0.0874,1
siswarini,1,0.0874,1
pindat,1,0.0874,1
santoso,1,0.0874,1
krakat,1,0.0874,1
stir,1,0.0874,1
johan,1,0.0874,1
land,1,0.0874,1
yoga,1,0.0874,1
dharma,1,0.0874,1
setiawan,1,0.0874,1
uhang,1,0.0874,1
ib,1,0.0874,1
gita,1,0.0874,1
amperiawan,1,0.0874,1
biofarma,1,0.0874,1
saddiq,1,0.0874,1
akasya,1,0.0874,1
tingginya,1,0.0874,1
dahana,1,0.0874,1
imawan,1,0.0874,1
pal,1,0.0874,1
kaharudin,1,0.0874,1
zenot,1,0.0874,1
its,1,0.0874,1
pengelola,1,0.0874,1
dana,1,0.0874,1
andin,1,0.0874,1
hadianto,1,0.0874,1
stan,1,0.0874,1
oke,1,0.0874,1
dibaca,1,0.0874,1
rintangan,1,0.0874,1
ancaman,1,0.0874,1
memantau,1,0.0874,1
situasi,1,0.0874,1
petugas,1,0.0874,1
kesalahan,1,0.0874,1
pemeriksaan,1,0.0874,1
diikuti,1,0.0874,1
menyikapi,1,0.0874,1
terhitung,1,0.0874,1
senin,1,0.0874,1
pernyataan-pernyataan,1,0.0874,1
dicabut,1,0.0874,1
keanggotannya,1,0.0874,1
fraksi,1,0.0874,1
peka,1,0.0874,1
diatur,1,0.0874,1
united,1,0.0874,1
nations,1,0.0874,1
covenant,1,0.0874,1
civil,1,0.0874,1
rights,1,0.0874,1
jika,1,0.0874,1
pelaksananya,1,0.0874,1
terdapat,1,0.0874,1
kegiatan-kegiatan,1,0.0874,1
anarkis,1,0.0874,1
destabilisasi,1,0.0874,1
membakar,1,0.0874,1
menjarah,1,0.0874,1
instansi-instansi,1,0.0874,1
wajib,1,0.0874,1
fasilitas-fasilitas,1,0.0874,1
apabila,1,0.0874,1
pelanggaran-pelanggaran,1,0.0874,1
dilindungi,1,0.0874,1
pungkiri,1,0.0874,1
gejala,1,0.0874,1
tindakan-tindakan,1,0.0874,1
melawan,1,0.0874,1
makar,1,0.0874,1
terorisme,1,0.0874,1
tindakan,1,0.0874,1
setegas-tegasnya,1,0.0874,1
bentuk,1,0.0874,1
pengerusakan,1,0.0874,1
tempat-tempat,1,0.0874,1
sentra-sentra,1,0.0874,1
berlaku,1,0.0874,1
tuntutan,1,0.0874,1
pastikan,1,0.0874,1
meminta,1,0.0874,1
aspirasinya,1,0.0874,1
diterima,1,0.0874,1
berdialog,1,0.0874,1
dprri,1,0.0874,1
delegasi,1,0.0874,1
kl,1,0.0874,1
koreksi,1,0.0874,1
perbaikan,1,0.0874,1
sungguh-sungguh,1,0.0874,1
warga,1,0.0874,1
memperjuangkan,1,0.0874,1
diambang,1,0.0874,1
suarakan,1,0.0874,1
kekerasan,1,0.0874,1
kerusuhan,1,0.0874,1
perbuatan,1,0.0874,1
menghamburkan,1,0.0874,1
silak,1,0.0874,1
saling,1,0.0874,1
kegiatan,1,0.0874,1
campur,1,0.0874,1
nenek,1,0.0874,1
moyang,1,0.0874,1
gotong-royong,1,0.0874,1
bergotong-royong,1,0.0874,1
keselamatan,1,0.0874,1
diintervensi,1,0.0874,1
pernyataan,1,0.0874,1
berunding,1,0.0874,1
yeah,1,0.0874,1
khususnya,1,0.0874,1
mengenang,1,0.0874,1
juang,1,0.0874,1
iman,1,0.0874,1
takwa,1,0.0874,1
merebut,1,0.0874,1
lupa,1,0.0874,1
resolusi,1,0.0874,1
jihad,1,0.0874,1
digelorakan,1,0.0874,1
ha,1,0.0874,1
hasyim,1,0.0874,1
asy'ari,1,0.0874,1
tonggak,1,0.0874,1
bagian,1,0.0874,1
akar,1,0.0874,1
keislaman,1,0.0874,1
keindonesiaan,1,0.0874,1
penjaga,1,0.0874,1
moral,1,0.0874,1
pelopor,1,0.0874,1
menguasai,1,0.0874,1
berdaya,1,0.0874,1
saing,1,0.0874,1
pula,1,0.0874,1
merestui,1,0.0874,1
dibentuknya,1,0.0874,1
direktorat,1,0.0874,1
prioritas,1,0.0874,1
memperhatikan,1,0.0874,1
teguhkan,1,0.0874,1
berkeadilan,1,0.0874,1
senantiasa,1,0.0874,1
meridai,1,0.0874,1
