event_group,date,title,channel,url,token_count,duplicate_count,mbg_exact,mbg_full_phrase,mbg_signals,mbg_ambiguous
event-065,2024-08-27,"Kocak! Pidato Prabowo Subianto di Penutupan Kongres III NasDem: Ingin ""Brewokan"" Seperti Surya Paloh",KOMPASTV SUKABUMI,https://www.youtube.com/watch?v=R-b9-w6QrWg,2648,0,0,0,0,0
event-051,2024-10-09,[FULL] Pidato Prabowo di Investor Summit: Bocorkan Susunan Kabinet hingga Bicara Konflik Geopolitik,KOMPASTV,https://www.youtube.com/watch?v=fUA5IWV_00A,3315,0,0,0,2,0
event-050,2024-10-20,[FULL] Pidato Perdana Presiden RI Ke-8 Prabowo Subianto | Beritasatu,BeritaSatu,https://www.youtube.com/watch?v=mb2Jw47oVl8,3655,1,0,0,1,0
event-052,2024-11-29,[FULL] Pidato Presiden Prabowo Subianto Umumkan Kenaikan Gaji Guru di Puncak Hari Guru Nasional,KOMPASTV DEWATA,https://www.youtube.com/watch?v=BNfmMijPCJM,1788,0,0,0,1,0
event-048,2024-12-04,[FULL] Pidato Presiden Prabowo di Pembukaan Sidang Tanwir & Resepsi Milad ke-112 Muhammadiyah,METRO TV ,https://www.youtube.com/watch?v=3XayivTOjCY,3552,1,0,0,3,0
event-058,2024-12-19,"[FULL] Pidato Prabowo di Kairo: Singgung Gus Dur, Hitung Koruptor yang Ditangkap",Kompas.com,https://www.youtube.com/watch?v=73EnzEWg_8k,2388,0,0,0,0,0
event-047,2024-12-28,[FULL] Pidato Prabowo pada Perayaan Natal Nasional 2024,Kompas.com,https://www.youtube.com/watch?v=sJ-b3ohKEs0,1564,1,0,0,0,0
event-018,2025-02-10,(FULL) Pidato Presiden Prabowo Dalam Kongres ke-18 Muslimat NU,BeritaSatu,https://www.youtube.com/watch?v=ffYHRrgqg5U,1465,0,0,0,0,0
event-004,2025-04-10,Pidato Kenegaraan Presiden Prabowo di Hadapan Parlemen Turkiye,Sekretariat Presiden,https://www.youtube.com/watch?v=CfnRESwOZKQ,807,0,0,0,0,0
event-060,2025-05-01,[FULL]  PIDATO PRESIDEN PRABOWO DI PERINGATAN MAY DAY 2025,Kompas TV Biro Makassar,https://www.youtube.com/watch?v=oJdO0XleOws,1687,0,0,0,0,0
event-061,2025-06-02,[FULL] Berapi-api! Pidato Presiden Prabowo Upacara Hari Lahir Pancasila: Saya Peringati Semua Unsur,KOMPASTV,https://www.youtube.com/watch?v=Ra4_HJDql14,1324,0,0,0,0,0
event-056,2025-06-11,[FULL] Pidato Presiden Prabowo di Indo Defence Expo and Forum 2025,METRO TV ,https://www.youtube.com/watch?v=g_aLb7K2a-A,1321,0,0,0,0,0
event-041,2025-07-01,Full Pidato Presiden Prabowo di Upacara Peringatan ke 79 Hari Bhayangkara,Prabowo Subianto,https://www.youtube.com/watch?v=Enmz62kOMyI,1102,0,0,0,2,0
event-055,2025-07-21,Pidato Presiden Prabowo di Kongres PSI 2025,KOMPASTV JAWA TENGAH,https://www.youtube.com/watch?v=fmv67UzNYdM,3288,0,0,0,1,0
event-063,2025-07-23,[FULL] Pidato Menggelegar Presiden Prabowo! Beri Amanat di Pelantikan Perwira TNI & Polri 2025,KOMPASTV,https://www.youtube.com/watch?v=8gMTWE2Sj8w,649,0,0,0,0,0
event-005,2025-08-07,Presiden Prabowo Hadiri KSTI Indonesia 2025,Sekretariat Presiden,https://www.youtube.com/watch?v=E_doThSKS4E,588,0,0,0,0,0
event-054,2025-08-15,[FULL] Pidato Kenegaraan Presiden Prabowo pada Sidang Tahunan MPR 2025,Kompas.com,https://www.youtube.com/watch?v=bSpL4BxOMUk,5764,0,3,0,8,0
event-002,2025-08-31,Pernyataan Presiden Prabowo Menyikapi Aksi Demo,Kompas.com,https://www.youtube.com/watch?v=3e_gu9rWwWQ,739,0,0,0,0,0
event-025,2025-09-29,[FULL] Pidato Lengkap Presiden Prabowo di Munas Ke-VI PKS | tvOne,tvOneNews ,https://www.youtube.com/watch?v=gyT_qLziJ2M,5204,0,0,0,4,0
event-057,2025-10-23,[FULL] Pidato Presiden Prabowo di Pertemuan Diplomatik Indonesia-Brasil,METRO TV ,https://www.youtube.com/watch?v=tbyjpnb5r70,863,0,0,0,0,0
event-001,2025-10-24,Sambutan Presiden Prabowo pada Puncak Peringatan Hari Santri,Sekretariat Presiden,https://www.youtube.com/watch?v=02IcsjvhFGQ,236,0,0,0,0,0
event-059,2025-11-06,[FULL] Pidato Prabowo Resmikan Pabrik Kimia di Cilegon: Negosiasi dengan Orang Korea Tak Gampang!,KOMPASTV,https://www.youtube.com/watch?v=KNeFsu2UbDQ,1708,0,0,0,0,0
event-053,2025-11-28,LIVE Pidato Presiden Prabowo di Pertemuan Tahunan Bank Indonesia Tahun 2025,CNN Indonesia,https://www.youtube.com/watch?v=BgJb8u_VyGo,1404,0,0,0,0,0
event-049,2025-11-28,[FULL] Pidato Presiden Prabowo di Peringatan Hari Guru Nasional 2025: Bantu Saya Berantas Korupsi!,KOMPASTV,https://www.youtube.com/watch?v=_Aer99PNOA8,2258,2,0,0,1,0
event-062,2025-12-05,[FULL] Pidato Presiden Prabowo untuk Atlet Sea Games 2025: Bertanding Harus Sepenuh Hati,METRO TV ,https://www.youtube.com/watch?v=SrjfNdzQO54,1316,0,0,0,0,0
event-045,2025-12-25,"Presiden Prabowo Sampaikan Ucapan Selamat Hari Natal 2025, Jakarta, 25 Desember 2025",Sekretariat Presiden,https://www.youtube.com/watch?v=OOAGKPFdwf0,213,0,0,0,0,0
event-019,2026-01-05,(FULL) Pidato Presiden Prabowo di Perayaan Natal Nasional 2025,VIVA.CO.ID,https://www.youtube.com/watch?v=doW8-nSNL-8,2952,0,7,0,11,0
event-067,2026-01-12,Sambutan Presiden Prabowo di Sekolah Rakyat Banjarbaru | Breaking News,tvOneNews ,https://www.youtube.com/watch?v=FG-MUTrgsls,1055,0,0,0,0,0
event-035,2026-02-02,[FULL] PIDATO PRESIDEN PRABOWO DI RAKORNAS PEMERINTAH PUSAT & DAERAH,METRO TV ,https://www.youtube.com/watch?v=mu2ep3dsHaQ,6257,0,8,0,11,0
event-003,2026-02-28,Sambutan Presiden Prabowo pada Perayaan Tahun Baru Imlek Nasional,Sekretariat Presiden,https://www.youtube.com/watch?v=5OIq7GaU4sI,333,0,0,0,0,0
event-034,2026-03-10,BREAKING NEWS - [FULL] Pidato Presiden Prabowo di Peringatan Nuzulul Qur'an,METRO TV ,https://www.youtube.com/watch?v=Fm09R5akNzM,1388,1,0,0,0,0
event-006,2026-03-11,Pidato Presiden Prabowo di Tasyakuran HUT ke-1 Danantara,METRO TV,https://www.youtube.com/watch?v=VyPCSPnxbaE,1205,0,0,0,0,0
event-066,2026-04-18,Pidato Presiden Prabowo di Retret Ketua DPRD se-Indonesia: Saya Ingin Bicara dari Hati ke Hati,KOMPASTV,https://www.youtube.com/watch?v=Oahke_hLlLc,543,0,0,0,0,0
event-008,2026-05-01,Pidato Presiden Prabowo pada Peringatan Hari Buruh Internasional,Prabowo Subianto,https://www.youtube.com/watch?v=rKpNQwecniM,2044,2,4,0,5,0
event-040,2026-05-13,Pidato Presiden Prabowo di Kejagung saat Penyerahan Denda Administratif dan Lahan Kawasan Hutan,Prabowo Subianto,https://www.youtube.com/watch?v=Zya6KTuVnwY,2666,1,0,0,0,0
event-020,2026-05-16,[FULL] BREAKING NEWS - PIDATO PRESIDEN PRABOWO DI PERESMIAN 1.061 KOPERASI DESA MERAH PUTIH,METRO TV ,https://www.youtube.com/watch?v=ypWhdkJiz3o,3552,0,9,0,9,0
event-016,2026-05-20,"Presiden Prabowo Sampaikan Pidato pada Rapat Paripurna DPR RI ke-19, Jakarta, 20 Mei 2026",Sekretariat Presiden,https://www.youtube.com/watch?v=7gTnSb4faRk,68,2,0,0,0,0
event-038,2026-05-29,[FULL] Pidato Presiden Prabowo: Pujian untuk Macron Hingga Bahas Kerja Sama | Liputan 6,Liputan6,https://www.youtube.com/watch?v=HiJYFR1vR9g,661,0,0,0,0,0
event-017,2026-05-31,"Sambutan Presiden Prabowo pada Puncak Peringatan Hari Tri Suci Waisak 2570 BE, 31 Mei 2026",Sekretariat Presiden,https://www.youtube.com/watch?v=e3ByeIYYKYU,352,0,0,0,0,0
event-028,2026-06-01,BREAKING NEWS: Pidato Presiden Prabowo Peringatan Hari Lahir Pancasila 1 Juni 2026,KOMPASTV JAWA BARAT,https://www.youtube.com/watch?v=-PNMB8VQ0hY,1989,2,0,0,1,0
event-014,2026-06-03,"Pidato Presiden RI pada Acara Building Indonesia's Future Generations Through Nutrition, 3 Juni 2026",Sekretariat Presiden,https://www.youtube.com/watch?v=9KWsOM3B6_c,2386,1,0,0,3,0
event-024,2026-06-10,"[FULL] PIDATO PRESIDEN PRABOWO DI MUNAS HIPMI, SINGGUNG KRITIK SERING KE LUAR NEGERI",METRO TV ,https://www.youtube.com/watch?v=Ntf-BzRGTug,4297,4,0,0,0,0
event-022,2026-06-23,🔴BREAKING NEWS - Pidato Presiden Prabowo di Penutupan Munas Alim Ulama & Konbes NU,KOMPASTV,https://www.youtube.com/watch?v=cFo77KlaYEU,4808,5,0,0,0,0
event-011,2026-06-24,"[FULL] Pidato Prabowo di PNKT XVII 2026: Australia Minta Pupuk dari Indonesia, Boleh Kita Jual?",KOMPASTV,https://www.youtube.com/watch?v=WN4ObtcpRMs,2990,2,4,0,4,0
event-007,2026-06-26,Pembukaan Sarasehan Kebangsaan KSTI 2026,Sekretariat Presiden,https://www.youtube.com/watch?v=hJybE-uF_qE,1619,0,0,0,0,0
event-010,2026-06-28,🔴BREAKING NEWS - Pidato Presiden Prabowo Tutup Sarasehan Kebangsaan Konvensi Sainstek dan Industri,KOMPASTV,https://www.youtube.com/watch?v=7Zi5vqN_VC4,3303,1,0,0,0,0
event-033,2026-07-01,"FULL! Pidato Prabowo di HUT ke-80 Bhayangkara: Hukum Tak Boleh Tajam ke Bawah, Polri Lindungi Rakyat",KOMPASTV,https://www.youtube.com/watch?v=HBuj_rOU5yA,1822,3,1,0,2,0
event-037,2026-07-09,[FULL] Pidato Prabowo Luncurkan Biodiesel B50: Indonesia Jadi Negara Pertama Terapkan B50,KOMPASTV DEWATA,https://www.youtube.com/watch?v=xh-kV0Rm8K8,2541,2,0,0,0,0
event-013,2026-07-10,"Full Pidato Presiden Prabowo di Lombok, MBG KITA LANJUTKAN...!!! Oknum yang Nakal PERIKSA..!!",Tribun Lombok,https://www.youtube.com/watch?v=YYas7H5zORI,3129,2,7,0,7,0
event-064,2026-07-12,BREAKING NEWS Pidato Presiden Prabowo di Puncak Peringatan Hari Koperasi Nasional Ke-79,CNN Indonesia,https://www.youtube.com/watch?v=v-1YabkN-pM,3715,1,0,0,0,0
event-042,2026-07-16,"FULL! Pidato Prabowo Resmikan Groundbreaking LNG Abadi Masela, Indonesia Siap Jadi Negara Industri",KOMPASTV,https://www.youtube.com/watch?v=QAFNXg-LfTU,1575,0,0,0,0,0
event-031,2026-07-17,[FULL] Pidato Presiden Prabowo di Panen Raya Tebu Serentak di Malang,KOMPASTV,https://www.youtube.com/watch?v=yJglGGY8ADI,2617,1,0,0,0,0
event-036,2026-07-20,[FULL] Pidato Presiden Prabowo Di Sidang Kabinet Paripurna | Breaking News tvOne,tvOneNews ,https://www.youtube.com/watch?v=p7G73zBiow4,5868,1,2,0,3,0
event-009,2026-07-24,Pidato Prabowo di Harlah PKB,KOMPASTV,https://www.youtube.com/watch?v=vyp6JITYFM8,2730,1,0,0,0,1
event-032,2026-07-29,[FULL] Pidato Presiden Prabowo di Pelantikan Pamong Praja Muda IPDN 2026 | LIVE EVENT,METRO TV ,https://www.youtube.com/watch?v=IHY-7SvqxoI,1616,0,0,0,0,0
event-027,2026-07-30,[FULL] Pidato Prabowo di Akad Rumah Subsidi: Singgung Prestasi India-Soroti Sungai Penuh Sampah,KOMPASTV,https://www.youtube.com/watch?v=NmbVCeypyHE,2412,2,0,0,0,0
event-021,2026-07-30,[FULL] BREAKING NEWS - PIDATO PRESIDEN PRABOWO SAAT RESMIKAN REVITALISASI STASIUN SEMARANG TAWANG,METRO TV ,https://www.youtube.com/watch?v=YUONIE2ivHo,1414,0,0,0,0,0
event-046,2026-07-31,[Breaking News] Pidato Presiden Prabowo di Pertemuan dengan Kadin Se-Indonesia | tvOne,tvOneNews ,https://www.youtube.com/watch?v=_UEZyffi3YU,2501,0,0,0,1,0
event-026,2026-08-06,[FULL] Pidato Prabowo Depan 150 Peneliti BRIN Soroti Pendidikan di Indonesia hingga Timnas,KOMPASTV,https://www.youtube.com/watch?v=SjuGxdMRzPk,1185,0,0,0,0,0
event-043,2026-08-07,FULL! Pidato Prabowo di Peluncuran Buku Bahlil: Swasembada Pangan Hingga Danantara Naik 400%,KOMPASTV,https://www.youtube.com/watch?v=9rpZpKagShM,2315,0,0,0,0,0
event-023,2026-08-14,🔴BREAKING NEWS - Pidato Kenegaraan Presiden Prabowo di Sidang Tahunan MPR 2026,KOMPASTV JAWA TENGAH,https://www.youtube.com/watch?v=1-hEfAcRo4k,7900,6,4,0,5,0
event-015,2026-08-14,[FULL] Berapi-api! Pidato Presiden Prabowo Sampaikan RAPBN 2027 di Paripurna DPR,KOMPASTV,https://www.youtube.com/watch?v=sv1HMoSzRk4,5554,3,0,0,1,0
event-029,2026-08-25,[FULL] PIDATO PRABOWO RESMIKAN PLTS DI BALI: BERI BINTANG LAGI JIKA MASUK TARGET,METRO TV ,https://www.youtube.com/watch?v=UYdFSPfJZfk,1388,0,0,0,0,0
event-012,2026-08-29,Sambutan Presiden Republik Indonesia Prabowo Subianto | Muktamar ke-35  NU di Tambak Beras Jombang,KRAPYAK TV,https://www.youtube.com/watch?v=eddIEv78h3E,1700,3,1,0,1,0
event-030,2026-08-31,[FULL] Pidato Prabowo Tutup Muktamar NU: Umat Harus Hidup Layak dan Tidak Pinjam Uang dari Rentenir,MerdekaDotCom,https://www.youtube.com/watch?v=pikkD5C3swU,1520,4,0,0,0,0
event-044,2026-09-09,🔴BREAKING NEWS - PIDATO PRESIDEN PRABOWO DI PERINGATAN HUT 25 PARTAI DEMOKRAT (09/09),Seputar iNews RCTI,https://www.youtube.com/watch?v=8hj3tR4gCTc,3310,5,0,0,1,0
event-039,2026-09-09,[FUUL] Sambutan Presiden Prabowo Lepas Kontingen Indonesia ke Asian Games ke-20 Aichi Nagoya Jepang,Pangkep TV,https://www.youtube.com/watch?v=ZU_qK2nH89o,1573,1,0,0,0,0
